day_number,Lat,Long,Hmax,Tp,Dirp,Sprp,Tz,Hs,TSea
1,53.63612,0.26432,2.54,5.56,156.1,29.3,4.494,1.13,7.0
2,54.6488385,-1.0853035,0.426,12.9175,26.560000000000002,19.935,4.773899999999999,0.263,5.5325
3,54.648865,-1.085925625,1.0533333333333335,11.416458333333333,33.16041666666667,18.508333333333333,3.8683125,0.6843750000000001,5.6156250000000005
4,54.648657500000006,-1.0859660416666668,1.0664583333333333,10.118125,41.3375,12.775,4.7625416666666665,0.7152083333333333,5.7437499999999995
5,54.64879083333333,-1.0858468749999999,2.0241666666666664,7.661874999999999,59.03541666666666,15.304166666666667,5.264562499999999,1.2658333333333334,5.872916666666666
6,54.648653125,-1.0853341666666667,1.7858333333333334,8.156875000000001,60.97708333333333,16.33125,5.608791666666666,1.1710416666666668,5.897916666666667
7,54.64867708333333,-1.0852629166666665,0.8275,12.193125,46.96458333333334,27.835416666666664,3.5690000000000004,0.5599999999999999,5.802083333333333
8,54.648780625,-1.0851391666666668,0.656875,16.115833333333335,39.520833333333336,34.956250000000004,2.7105,0.47270833333333334,5.922916666666667
9,54.64873333333333,-1.0852656250000001,0.5316666666666666,9.11375,128.99375,29.039583333333336,2.7637916666666666,0.3672916666666666,6.01875
10,54.64863666666667,-1.085310625,0.5095833333333334,15.940208333333333,29.03958333333333,28.772916666666664,4.562229166666667,0.3389583333333333,6.0062500000000005
11,54.648535833333334,-1.085350625,0.8181250000000001,9.556041666666667,140.77083333333334,21.662499999999998,4.197604166666667,0.5377083333333333,5.966666666666666
12,54.648732083333336,-1.085393125,1.360625,14.022291666666668,23.695833333333336,18.818749999999998,4.810208333333333,0.890625,5.860416666666667
13,54.6487775,-1.0851729166666668,1.1854166666666666,13.617083333333333,23.229166666666668,24.485416666666666,3.7308333333333334,0.7808333333333333,5.8343750000000005
14,54.64863979166666,-1.0849191666666667,0.9102083333333333,11.263333333333334,103.59583333333335,29.354166666666668,3.0255625,0.6154166666666666,5.824999999999999
15,54.64871604166667,-1.0852083333333333,0.6804166666666666,12.151874999999999,26.416666666666668,20.439583333333335,4.9213125,0.44875,5.8531249999999995
16,54.648625208333335,-1.0849364583333332,0.7945833333333333,7.363958333333333,161.09791666666666,25.260416666666668,3.219333333333333,0.5302083333333333,5.9750000000000005
17,54.648767291666665,-1.08487625,0.71875,16.68375,29.585416666666664,25.541666666666668,3.9771666666666667,0.47937500000000005,5.844791666666667
18,54.64892020833333,-1.0852627083333333,0.7712500000000001,14.940624999999999,56.875,32.020833333333336,3.0006041666666667,0.5329166666666666,5.966666666666666
19,54.64878229166666,-1.0848416666666667,0.8589583333333333,7.429166666666667,184.42499999999998,25.295833333333334,2.8943958333333337,0.5827083333333333,6.0687500000000005
20,54.648698958333334,-1.084889375,0.7658333333333333,11.647291666666668,106.99374999999999,32.4,3.0342083333333334,0.5258333333333333,5.919791666666666
21,54.64876854166667,-1.0849247916666667,0.6433333333333333,4.571666666666666,194.32500000000002,26.360416666666666,2.57875,0.44645833333333335,5.8625
22,54.64860208333334,-1.0850008333333334,1.4545833333333331,5.210208333333333,205.02916666666667,18.410416666666666,3.9788125,0.9314583333333334,5.871875
23,54.648725625,-1.0850260416666666,0.6783333333333333,5.423958333333334,121.21041666666667,25.616666666666664,3.2701666666666664,0.460625,5.869791666666667
24,54.648778541666665,-1.0850781250000001,0.6172916666666667,14.941249999999998,83.43958333333333,34.69583333333333,2.645770833333333,0.43250000000000005,5.907291666666667
25,54.64885458333333,-1.0852035416666668,0.7206250000000001,7.056250000000001,165.20833333333334,25.710416666666664,2.5930833333333334,0.508125,6.034375
26,54.64868270833333,-1.0850752083333333,0.7129166666666666,17.254375,33.577083333333334,31.310416666666665,3.3148125,0.4979166666666666,6.223958333333333
27,54.648746875,-1.0853847916666666,0.8424999999999999,12.884583333333333,82.72916666666667,27.05,3.9489583333333336,0.58,6.160416666666666
28,54.64852416666667,-1.0852704166666667,0.61,15.02375,33.197916666666664,29.568749999999998,3.8044999999999995,0.42,6.238541666666666
29,54.64867770833333,-1.085390625,0.9666666666666667,11.690208333333333,29.73125,17.210416666666667,4.775541666666666,0.6545833333333334,6.188541666666667
30,54.64873291666667,-1.085745,1.0891666666666666,7.289583333333333,73.95625,18.666666666666668,3.9328541666666665,0.6870833333333333,6.223958333333333
31,54.64842479166666,-1.085660625,1.5558333333333332,5.690625,84.78958333333334,24.697916666666668,4.0983125,0.9787500000000001,6.296875
32,54.64844541666667,-1.0859354166666666,1.6879166666666665,6.715416666666666,80.05416666666666,17.53125,4.3373125,1.0964583333333333,6.282291666666667
33,54.648508541666665,-1.0859645833333333,1.985625,6.922291666666666,63.9,17.29375,4.6743958333333335,1.2747916666666665,6.382291666666667
34,54.648642708333334,-1.0858072916666666,2.188125,7.512708333333333,56.92291666666667,15.508333333333333,5.2568125,1.3822916666666665,6.471875
35,54.64846645833333,-1.0854664583333333,1.9643749999999998,8.013958333333333,52.668749999999996,13.418750000000001,6.104104166666667,1.265,6.55
36,54.64843208333334,-1.08546375,1.5789583333333332,7.680208333333334,48.706250000000004,13.227083333333333,5.391145833333333,1.005625,6.520833333333333
37,54.64850375,-1.0855647916666666,1.08,6.557916666666666,53.729166666666664,16.991666666666667,4.68175,0.6731250000000001,6.6375
38,54.64854979166666,-1.0852997916666667,0.5722916666666666,6.754166666666666,77.05416666666666,22.72083333333333,3.909041666666667,0.36437499999999995,6.546875
39,54.64841333333334,-1.085420625,3.606875,9.110416666666667,42.92083333333333,13.785416666666668,5.721374999999999,2.2452083333333333,6.472916666666666
40,54.648663125000006,-1.0852460416666667,1.9241666666666666,9.134583333333333,41.875,19.897916666666667,6.082083333333333,1.2502083333333334,6.504166666666666
41,54.648585833333335,-1.0853558333333333,0.5175,6.42125,108.40208333333334,26.943749999999998,3.2456041666666664,0.34979166666666667,6.5
42,54.64851395833333,-1.0854202083333333,0.5416666666666666,10.086666666666666,25.364583333333332,17.304166666666667,4.843604166666666,0.349375,6.547916666666667
43,54.648459374999995,-1.0855010416666666,0.9035416666666666,9.63,19.758333333333333,16.08125,4.0864375,0.5804166666666667,6.613541666666666
44,54.64858854166667,-1.0850504166666666,1.51375,10.120833333333334,36.50833333333333,15.922916666666666,4.516020833333333,0.979375,6.577083333333333
45,54.64853918367347,-1.0848385714285713,1.3302040816326532,7.414489795918367,33.665306122448975,20.212244897959184,4.765755102040816,0.8848979591836734,6.651020408163265
46,54.648825208333335,-1.0850033333333333,0.7614583333333335,4.050833333333333,153.05,25.21875,2.9965625,0.5002083333333334,6.705208333333334
47,54.64856833333334,-1.0846197916666667,0.8010416666666668,4.729583333333333,224.88750000000002,27.06458333333333,2.8478541666666666,0.5389583333333333,6.782291666666667
48,54.648622708333335,-1.0847841666666667,1.1456250000000001,4.820625,247.85416666666666,19.658333333333335,3.113125,0.726875,6.682291666666667
49,54.64841375,-1.084598125,2.2712499999999998,5.750416666666666,220.27916666666667,18.618750000000002,3.829416666666667,1.42125,6.579166666666667
50,54.648431249999994,-1.0846477083333335,1.8329166666666667,7.535,155.87916666666666,17.2625,4.24425,1.1929166666666666,6.461458333333334
51,54.6484975,-1.0853416666666666,2.325416666666667,8.011875,16.166666666666668,14.99375,5.692666666666667,1.5125,6.564583333333334
52,54.648530625,-1.0856208333333333,1.670625,9.693333333333333,19.641666666666666,12.816666666666668,5.77225,1.0822916666666667,6.697916666666667
53,54.648433125,-1.085575,1.3497916666666667,10.954166666666666,19.087500000000002,11.71875,6.167520833333334,0.9027083333333333,7.0531250000000005
54,54.648590000000006,-1.0855872916666667,0.8158333333333333,10.760416666666666,19.933333333333334,11.622916666666667,6.291229166666667,0.5347916666666667,7.6125
55,54.64857145833333,-1.0855729166666668,0.54,8.803749999999999,38.9125,19.15625,4.4818541666666665,0.34520833333333334,7.426041666666666
56,54.64851916666667,-1.085415625,0.32687499999999997,8.887708333333334,89.21458333333334,22.539583333333336,3.5977083333333333,0.21666666666666667,7.439583333333334
57,54.64861833333333,-1.0855072916666666,0.5120833333333333,10.259791666666667,28.006249999999998,16.370833333333334,4.814979166666666,0.33145833333333335,7.804166666666667
58,54.64862530612245,-1.0854138775510205,0.5183673469387755,16.10591836734694,29.902040816326533,19.122448979591837,5.113530612244897,0.35306122448979593,7.781632653061225
59,54.64867458333333,-1.0854977083333333,0.564375,11.234166666666667,47.71666666666667,21.195833333333333,4.063604166666667,0.35520833333333335,7.841666666666666
60,54.648689999999995,-1.08483375,0.7954166666666667,3.4625,245.36875,21.991666666666664,2.7610833333333336,0.531875,7.358333333333333
61,54.648638541666664,-1.084965,0.5904166666666667,4.7281249999999995,177.74791666666667,26.45625,2.7045,0.38833333333333336,7.1875
62,54.648796874999995,-1.08512125,0.55875,11.050833333333332,30.84375,26.59166666666667,3.4958958333333334,0.3602083333333333,7.296875
63,54.648756875000004,-1.0849210416666668,0.6814583333333334,7.516041666666666,125.8,26.693749999999998,2.6632083333333334,0.47104166666666664,7.429166666666667
64,54.648626666666665,-1.0852089583333333,0.460625,13.046458333333334,38.641666666666666,24.53333333333333,3.7390208333333335,0.300625,7.4937499999999995
65,54.64854166666667,-1.0856397916666667,0.6218750000000001,11.374375,23.795833333333334,19.974999999999998,4.456666666666666,0.39687500000000003,7.772916666666667
66,54.64846375,-1.0857004166666666,0.8120833333333333,8.915416666666667,19.14375,16.13125,4.7432083333333335,0.5189583333333333,7.897916666666667
67,54.648418541666665,-1.0857002083333334,1.0072916666666667,7.822500000000001,21.666666666666668,18.616666666666667,4.411020833333333,0.644375,7.960416666666667
68,54.64838666666666,-1.0855095833333335,2.0974999999999997,6.222083333333334,35.50833333333333,19.716666666666665,4.263041666666667,1.2997916666666667,7.904166666666668
69,54.64852645833333,-1.0856147916666667,1.5591666666666668,6.638125,39.141666666666666,22.14375,4.792104166666667,1.0020833333333334,8.159374999999999
70,54.648502916666665,-1.0855683333333335,0.5895833333333333,6.6777083333333325,19.525,20.454166666666666,4.63675,0.3804166666666667,8.362499999999999
71,54.648508541666665,-1.085535,0.484375,7.797083333333333,27.845833333333335,17.966666666666665,5.039375000000001,0.30791666666666667,8.706249999999999
72,54.64853083333333,-1.0854004166666666,0.4447916666666667,5.757708333333333,51.025,24.66875,4.003458333333334,0.28750000000000003,8.858333333333333
73,54.648637083333334,-1.085229375,0.755,10.587916666666667,21.477083333333336,15.235416666666666,5.251666666666667,0.4770833333333333,9.235416666666667
74,54.648595625000006,-1.0851354166666667,1.5164583333333335,12.799791666666666,22.616666666666664,14.635416666666666,5.0530625,0.9991666666666666,8.851041666666667
75,54.64852979166667,-1.085214375,1.6945833333333333,11.550624999999998,18.066666666666666,11.4,6.007791666666667,1.106875,8.688541666666667
76,54.648676458333334,-1.0849766666666667,1.8314583333333332,10.005625,17.385416666666668,13.947916666666666,5.610354166666667,1.1927083333333333,8.730208333333334
77,54.648708125000006,-1.0847902083333334,0.7947916666666667,10.629166666666666,42.081250000000004,23.96875,3.2382500000000003,0.5554166666666667,8.473958333333334
78,54.64884375,-1.0850820833333332,0.5960416666666667,7.361875,103.50833333333333,26.1375,2.641125,0.4245833333333333,8.334375
79,54.64833958333333,-1.0852197916666666,1.7056250000000002,7.6187499999999995,127.02083333333333,18.166666666666668,4.071083333333333,1.0679166666666666,8.351041666666667
80,54.64838854166666,-1.0853695833333334,1.9952083333333333,7.462708333333333,14.05625,15.24375,4.917854166666666,1.2785416666666667,8.509375
81,54.648695000000004,-1.08594125,1.744375,7.353333333333333,32.206250000000004,20.285416666666666,4.292354166666667,1.1154166666666667,8.498958333333333
82,54.64870416666667,-1.0858700000000001,2.7577083333333334,7.543125,77.01875,22.152083333333334,5.261875,1.7249999999999999,8.362499999999999
83,54.648649791666664,-1.0852470833333332,1.4454166666666666,7.833125,54.64791666666667,23.339583333333334,5.220833333333333,0.90125,8.769791666666666
84,54.6486475,-1.0854910416666665,1.2079166666666667,6.769375,66.16875,25.729166666666668,3.629125,0.7937500000000001,8.654166666666667
85,54.648679375,-1.0852220833333333,0.8327083333333333,7.635625,48.112500000000004,31.422916666666666,3.2252500000000004,0.5452083333333333,8.661458333333334
86,54.64858208333334,-1.08528,0.9941666666666666,8.144791666666666,63.37708333333333,20.997916666666665,4.277666666666667,0.6408333333333334,8.90625
87,54.64859041666667,-1.08582,1.1239583333333334,8.144166666666667,48.84166666666667,18.916666666666668,4.791729166666666,0.73,9.001041666666667
88,54.648410625,-1.0852870833333335,1.7406249999999999,5.807916666666666,95.21458333333334,22.054166666666664,4.59725,1.0922916666666667,8.832291666666666
89,54.64877416666667,-1.0851710416666667,1.4385416666666666,7.920000000000001,44.125,17.425,5.179250000000001,0.92625,9.213541666666666
90,54.64886583333333,-1.0851791666666666,0.7583333333333333,5.935208333333333,140.45416666666668,22.635416666666668,2.958020833333333,0.504375,9.158333333333333
91,54.648747291666666,-1.0849502083333333,0.699375,2.904375,242.54791666666665,21.879166666666666,2.4140625,0.46374999999999994,9.032291666666667
92,54.648563333333335,-1.0854927083333334,0.729375,6.3379166666666675,174.09583333333333,18.787499999999998,3.5933333333333333,0.4741666666666667,9.297916666666667
93,54.648478958333335,-1.085901875,1.4779166666666665,8.281666666666666,15.104166666666666,15.697916666666666,4.808875,0.9387500000000001,9.244791666666666
94,54.64865375,-1.0851791666666666,1.5829166666666667,8.724375,22.208333333333332,15.5875,5.511083333333333,1.01,9.538541666666667
95,54.648564375,-1.0851297916666667,0.969375,8.416041666666667,60.775,19.172916666666666,3.5674375,0.6429166666666667,9.3375
96,54.648719375000006,-1.085149375,0.629375,15.687291666666667,29.295833333333334,27.735416666666666,3.2152291666666666,0.4272916666666667,9.21875
97,54.64870583333333,-1.0852077083333334,0.52375,13.920416666666668,50.88333333333333,28.395833333333332,3.4053958333333334,0.35479166666666667,9.201041666666667
98,54.64860958333333,-1.0853716666666666,0.484375,9.45125,48.724999999999994,25.270833333333332,3.8705,0.313125,9.308333333333334
99,54.64854541666667,-1.0854125000000001,1.1585416666666666,6.239583333333333,29.558333333333334,17.304166666666667,4.367416666666666,0.7258333333333334,9.691666666666666
100,54.64863604166666,-1.0851747916666665,0.8570833333333333,6.981458333333333,10.275,18.818749999999998,4.060270833333333,0.53,9.463541666666666
101,54.64864104166667,-1.0851360416666667,0.4539583333333333,3.671875,184.28958333333333,23.902083333333334,2.5094791666666665,0.29520833333333335,9.816666666666666
102,54.64863125,-1.0854718749999999,0.688125,5.107291666666667,49.518750000000004,26.683333333333334,3.4647291666666664,0.44895833333333335,10.225
103,54.64850916666666,-1.0851491666666666,0.7716666666666666,10.697916666666666,20.28125,19.904166666666665,3.665625,0.5222916666666667,10.355208333333334
104,54.648498749999995,-1.0850654166666667,0.5912499999999999,9.311041666666666,16.460416666666667,18.016666666666666,3.8160833333333333,0.4083333333333334,10.28125
105,54.64847,-1.0853066666666666,0.6181249999999999,9.000208333333333,23.535416666666666,16.7625,4.408291666666667,0.40520833333333334,10.980208333333332
106,54.648603125,-1.0848022916666666,0.6210416666666666,6.940416666666667,62.41458333333333,20.629166666666666,3.461854166666667,0.4164583333333333,10.586458333333333
107,54.648630833333335,-1.0847195833333334,0.7116666666666668,5.194583333333333,210.79375000000002,25.65833333333333,2.6618541666666666,0.4870833333333333,10.083333333333334
108,54.64861604166666,-1.0850389583333333,0.36354166666666665,7.267708333333332,111.83541666666667,24.14375,3.799583333333333,0.22979166666666664,10.404166666666667
109,54.648605833333335,-1.0848839583333334,0.5104166666666666,3.7147916666666667,265.2291666666667,24.81458333333333,2.8758125,0.34125,10.332291666666666
110,54.648672291666664,-1.0850829166666667,0.7833333333333333,4.514583333333333,171.50833333333333,23.743750000000002,3.0493124999999996,0.5033333333333333,10.310416666666667
111,54.64884625,-1.0852889583333334,0.7164583333333333,3.970833333333333,156.80625,26.60625,2.9408958333333337,0.47583333333333333,9.928125
112,54.648781041666666,-1.0850702083333335,0.7831250000000001,3.2468749999999997,227.25833333333333,22.597916666666666,2.6714583333333333,0.51375,9.613541666666666
113,54.648622499999995,-1.0851460416666667,0.6497916666666667,9.661875,36.91458333333333,24.34583333333333,4.184458333333334,0.425,9.729166666666666
114,54.64865791666667,-1.0855418749999999,0.8574999999999999,7.982708333333334,43.10208333333333,19.516666666666666,4.882791666666667,0.5566666666666666,10.03125
115,54.64863166666667,-1.0853872916666667,1.0147916666666668,8.101041666666665,52.708333333333336,19.295833333333334,4.142333333333333,0.6604166666666667,10.008333333333335
116,54.64875479166667,-1.0850647916666667,0.9033333333333333,4.509791666666667,193.89374999999998,21.052083333333332,2.8110625000000002,0.5791666666666667,9.930208333333333
117,54.64852041666666,-1.0850272916666668,0.7154166666666667,4.643125,231.39374999999998,22.45625,2.892125,0.47479166666666667,9.953125
118,54.64844166666666,-1.0854881250000001,1.0502083333333332,9.119791666666666,16.212500000000002,15.74375,4.537354166666667,0.6527083333333333,10.459375
119,54.648469375,-1.085653125,1.1485416666666668,7.791458333333334,17.772916666666667,16.316666666666666,5.286791666666667,0.7218749999999999,11.259375
120,54.64861375,-1.0857949999999998,0.72375,5.61375,47.010416666666664,25.087500000000002,3.9967291666666664,0.48458333333333337,11.332291666666668
121,54.64860395833333,-1.085735625,0.6885416666666666,5.415208333333333,77.88958333333333,23.385416666666668,3.2897916666666664,0.4483333333333333,10.789583333333333
122,54.64861520833333,-1.085724375,0.6175,4.6125,90.03125,26.43958333333333,3.2351875,0.40645833333333337,10.604166666666666
123,54.648435625,-1.0857152083333335,0.5814583333333333,4.399791666666666,69.03125,32.99791666666667,3.4115416666666665,0.37437499999999996,10.985416666666666
124,54.648419375,-1.08563875,1.5737500000000002,5.265416666666666,16.729166666666668,24.51875,4.027708333333334,0.9831249999999999,10.93125
125,54.64857145833333,-1.0855883333333334,1.3010416666666667,8.55125,18.735416666666666,16.883333333333333,5.502166666666667,0.82875,11.445833333333333
126,54.648603333333334,-1.0854691666666667,1.0452083333333333,10.813333333333333,16.920833333333334,13.620833333333332,6.2340625,0.675625,11.705208333333333
127,54.64866145833333,-1.085105,0.8325,9.717291666666666,16.922916666666666,20.78125,3.3661666666666665,0.539375,11.236458333333333
128,54.64853604166667,-1.0851925,0.924375,5.1125,265.1166666666667,19.358333333333334,3.290354166666667,0.604375,11.028125000000001
129,54.648544791666666,-1.0851802083333333,0.7243750000000001,4.748125,187.30208333333334,22.233333333333334,3.3193125,0.4816666666666667,11.094791666666666
130,54.648516666666666,-1.085491875,0.5125000000000001,5.275625,26.375,24.5625,4.184375,0.3354166666666667,11.40625
131,54.64862541666667,-1.0850408333333335,0.5,3.27875,214.83541666666667,27.83125,2.851354166666667,0.3252083333333333,11.382291666666667
132,54.64845291666666,-1.0851991666666667,1.689375,4.838958333333333,148.21875,21.452083333333334,3.596979166666667,0.9954166666666667,11.299999999999999
133,54.64841083333334,-1.0852825,2.471041666666667,7.491041666666667,17.95,15.091666666666667,5.275729166666666,1.5814583333333332,11.5375
134,54.64863166666667,-1.0852541666666666,1.7495833333333335,8.309375000000001,22.5,13.585416666666667,6.3646875,1.0872916666666665,11.909374999999999
135,54.648615416666665,-1.0853814583333332,1.0627083333333334,7.279791666666667,17.389583333333334,14.822916666666666,5.9026250000000005,0.65125,12.625
136,54.64858395833334,-1.0854110416666667,0.9679166666666666,8.965,16.8125,14.183333333333332,6.499312499999999,0.6302083333333334,13.176041666666668
137,54.64857979166666,-1.0850504166666666,0.63875,8.52,16.520833333333332,16.962500000000002,4.798416666666667,0.3933333333333333,13.182291666666666
138,54.64879895833334,-1.0851477083333334,0.5591666666666667,7.889583333333333,32.104166666666664,21.5,3.4107083333333335,0.36520833333333336,12.75
139,54.648667499999995,-1.0854424999999999,0.3020833333333333,7.3950000000000005,21.291666666666668,18.960416666666667,3.6321041666666667,0.19541666666666668,12.867708333333333
140,54.648576041666665,-1.0857310416666668,0.5195833333333334,4.063541666666667,80.83541666666666,28.68541666666667,2.9706458333333337,0.3227083333333333,13.09375
141,54.64863458333334,-1.085715625,1.2447916666666667,5.053125,94.88333333333333,20.287499999999998,3.6401874999999997,0.7577083333333333,12.450000000000001
142,54.648555208333335,-1.0854633333333334,1.075625,6.173541666666666,82.39583333333333,17.552083333333332,4.816458333333333,0.6554166666666666,12.856250000000001
143,54.648623750000006,-1.0854841666666666,0.6920833333333333,5.5964583333333335,81.67916666666666,23.37291666666667,4.297041666666667,0.4375,12.998958333333334
144,54.648575208333334,-1.08550375,1.4402083333333333,5.697916666666667,73.15625,19.958333333333332,4.240395833333333,0.88875,12.204166666666666
145,54.64859041666667,-1.0854508333333335,0.694375,5.496875,73.91875,23.7625,4.217958333333333,0.42770833333333336,12.547916666666666
146,54.6486475,-1.0852820833333332,0.5925,7.059583333333333,13.606250000000001,17.522916666666667,4.0894375,0.3566666666666667,12.332291666666668
147,54.648694166666665,-1.0851739583333333,0.49937499999999996,5.94875,67.07291666666667,23.804166666666664,2.9560208333333335,0.335625,12.170833333333334
148,54.648531041666665,-1.0853575,2.0429166666666667,8.46125,14.40625,14.002083333333333,5.088354166666666,1.2347916666666665,11.970833333333333
149,54.64855229166667,-1.0855054166666667,3.3864583333333336,10.468124999999999,21.770833333333332,10.702083333333334,7.153854166666666,2.243125,12.216666666666667
150,54.64853625,-1.0855716666666666,1.9106249999999998,9.339791666666667,22.004166666666666,13.045833333333334,6.546083333333333,1.24875,12.964583333333332
151,54.64858041666667,-1.0851095833333333,0.9577083333333333,10.011666666666667,19.875,15.352083333333333,4.621708333333333,0.6316666666666667,13.436458333333334
152,54.648625625,-1.08506125,0.5845833333333333,9.676041666666666,18.154166666666665,19.4875,3.0847083333333334,0.390625,13.038541666666667
153,54.64864020833334,-1.08547,0.4210416666666667,8.561666666666666,17.070833333333333,16.993750000000002,4.358291666666667,0.2725,13.206249999999999
154,54.648499375,-1.0857091666666667,0.4633333333333333,6.0475,42.760416666666664,22.860416666666666,2.914729166666667,0.31708333333333333,13.183333333333332
155,54.64842708333333,-1.0856322916666665,0.8058333333333333,5.709791666666667,96.40208333333334,19.995833333333334,3.3977500000000003,0.49,13.442708333333334
156,54.64851354166667,-1.0855666666666666,1.1581249999999998,5.185833333333333,99.88333333333333,20.633333333333333,3.7983124999999998,0.7345833333333333,13.811458333333334
157,54.64874583333333,-1.0853070833333334,1.5735416666666666,6.512083333333333,79.23333333333333,18.60625,4.081395833333334,0.9827083333333334,12.994791666666666
158,54.6487,-1.0850270833333333,0.6860416666666667,3.9335416666666667,193.95208333333335,23.995833333333334,2.63125,0.4614583333333333,12.584375
159,54.648633125,-1.0851920833333333,0.5425,4.54625,179.0375,22.945833333333336,3.1011875,0.3475,12.514583333333334
160,54.648689166666664,-1.0853302083333334,0.7195833333333334,8.092916666666666,38.949999999999996,20.727083333333333,4.651229166666667,0.44875,12.673958333333333
161,54.648694166666665,-1.0850197916666666,0.5020833333333333,5.358333333333333,117.90625,23.666666666666668,2.9082916666666665,0.33520833333333333,12.732291666666667
162,54.64852333333334,-1.0852945833333334,0.44916666666666666,8.520833333333334,15.114583333333334,16.645833333333332,4.324708333333334,0.27520833333333333,12.873958333333334
163,54.64862875,-1.0849285416666665,0.40125000000000005,5.559166666666667,120.22291666666666,21.208333333333332,3.530875,0.26458333333333334,12.867708333333333
164,54.64858354166666,-1.0852583333333332,0.28375,6.825,38.21875,22.40625,4.0894375,0.16729166666666664,13.005208333333334
165,54.648321458333335,-1.0853345833333334,1.9974999999999998,5.67125,45.208333333333336,22.506249999999998,4.362854166666667,1.2285416666666666,12.872916666666667
166,54.64865229166667,-1.0854008333333334,1.6629166666666666,7.085208333333334,64.47083333333333,18.239583333333332,4.892833333333333,1.07,13.067708333333334
167,54.64841833333333,-1.0857760416666666,2.298125,6.462291666666666,49.01666666666667,22.570833333333336,4.84875,1.4654166666666668,12.915625
168,54.648418541666665,-1.0854447916666667,1.6627083333333335,6.398541666666667,36.56666666666667,19.985416666666666,4.774916666666667,1.0579166666666666,12.952083333333334
169,54.64839125,-1.0851210416666668,2.70875,7.984583333333333,17.625,14.835416666666667,5.4239999999999995,1.6397916666666665,13.009375
170,54.648463125,-1.0855004166666666,3.2825,9.871875,23.085416666666664,11.664583333333333,6.584854166666666,2.1108333333333333,13.322916666666666
171,54.6485875,-1.0852754166666667,1.6327083333333334,8.886041666666666,22.791666666666668,14.143749999999999,6.836020833333333,1.08125,13.428125
172,54.64868604166667,-1.0852520833333335,0.5716666666666667,6.860833333333333,59.24375,22.239583333333332,3.609583333333333,0.3629166666666667,13.1875
173,54.64859895833334,-1.085520625,0.62875,5.670833333333333,67.83125,22.85625,3.7192291666666666,0.37645833333333334,13.140625
174,54.64861,-1.0853579166666667,0.9743750000000001,5.579375,91.34583333333335,19.866666666666667,3.9296875,0.6027083333333333,12.988541666666668
175,54.64874333333333,-1.0852362500000001,0.75,5.013958333333333,124.16875,21.472916666666666,3.1519999999999997,0.494375,13.017708333333333
176,54.648702500000006,-1.0853129166666666,0.4864583333333334,5.598541666666667,79.98958333333333,23.427083333333332,3.056104166666667,0.306875,12.918750000000001
177,54.648538333333335,-1.0854335416666667,0.49291666666666667,4.16875,141.62291666666667,26.316666666666666,3.224020833333334,0.31020833333333336,13.284374999999999
178,54.648603333333334,-1.0855535416666666,0.45979166666666665,5.266875,78.77916666666667,29.068749999999998,3.5485208333333333,0.294375,13.522916666666667
179,54.648556041666666,-1.08551125,0.3254166666666667,4.220208333333333,102.10625,27.141666666666666,3.3144791666666666,0.204375,13.767708333333333
180,54.64869166666667,-1.0851825,0.44125,4.854166666666667,111.60416666666667,22.8625,2.9195208333333333,0.286875,13.961458333333333
181,54.64877979166667,-1.085283125,0.37125,3.7531250000000003,154.98541666666668,27.5125,2.9017916666666665,0.24833333333333332,13.955208333333333
182,54.648637083333334,-1.0856366666666666,0.2735416666666667,11.110833333333332,42.13125,20.070833333333333,3.903958333333333,0.1825,13.877083333333333
183,54.648551875,-1.0857039583333334,0.3670833333333334,6.0675,44.44583333333333,26.21875,3.109,0.23979166666666665,13.942708333333334
184,54.64852208333334,-1.085655,0.3902083333333333,5.001666666666666,62.02916666666667,27.025000000000002,3.2245000000000004,0.24979166666666666,13.804166666666667
185,54.648390625,-1.0856177083333334,1.6116666666666666,5.462083333333333,91.57083333333333,24.391666666666666,3.9644791666666666,0.9883333333333333,13.961458333333333
186,54.648563958333334,-1.0853495833333333,1.316875,7.2075,49.0625,19.099999999999998,5.006770833333333,0.835625,13.817708333333334
187,54.648616874999995,-1.08547625,0.7997916666666667,7.002083333333334,49.55416666666667,16.233333333333334,5.269604166666666,0.5045833333333333,14.195833333333333
188,54.64846729166666,-1.0854741666666665,0.9085416666666667,5.0981250000000005,105.96249999999999,22.412499999999998,4.0215000000000005,0.5372916666666666,14.257291666666667
189,54.648429166666666,-1.085281875,2.803125,7.237916666666667,33.16041666666667,16.78125,5.085416666666666,1.7162499999999998,13.94375
190,54.648701875,-1.085209375,1.9952083333333333,8.649583333333334,52.62916666666666,12.710416666666667,6.276458333333333,1.3229166666666667,14.180208333333333
191,54.64870714285714,-1.0853795918367346,0.7779591836734694,6.486734693877551,56.09591836734693,16.924489795918365,4.181530612244898,0.49081632653061225,14.101020408163267
192,54.648791458333335,-1.0853858333333333,0.6964583333333333,4.957916666666667,95.1875,21.839583333333334,3.2637916666666666,0.4447916666666667,13.982291666666667
193,54.64855229166667,-1.0857966666666667,0.4979166666666666,4.52625,87.76875,28.172916666666666,3.4321875,0.31333333333333335,14.469791666666666
194,54.64871229166667,-1.0859470833333333,2.3941666666666666,6.558333333333334,84.73125,15.591666666666667,4.519645833333334,1.4220833333333334,13.778125000000001
195,54.648556041666666,-1.0854527083333334,2.1527083333333334,7.765833333333333,69.81041666666667,15.700000000000001,5.914583333333333,1.3885416666666668,14.504166666666668
196,54.648491875,-1.0850508333333333,0.9502083333333333,7.46875,51.737500000000004,17.60625,4.100041666666667,0.6164583333333333,14.430208333333333
197,54.64874666666666,-1.0852991666666667,0.5775,5.189791666666666,123.68958333333335,23.868750000000002,3.107125,0.385,14.303125
198,54.64872833333334,-1.0853202083333333,0.4766666666666666,3.622291666666667,200.5979166666667,21.772916666666664,2.5652500000000003,0.335625,14.029166666666667
199,54.64869375,-1.085351875,0.5054166666666666,9.546249999999999,39.27291666666667,22.195833333333336,2.981833333333334,0.3372916666666667,13.863541666666668
200,54.64866479166667,-1.0853887500000001,0.43416666666666665,9.260625,22.16875,21.712500000000002,3.3635416666666664,0.28833333333333333,13.788541666666667
201,54.64858666666667,-1.0855325,0.35125,8.629166666666666,20.470833333333335,18.641666666666666,4.445666666666667,0.22666666666666668,13.929166666666667
202,54.64846375,-1.0855364583333333,0.8997916666666667,5.510625,133.54791666666668,25.425,3.5051875,0.5552083333333333,13.679166666666667
203,54.64847208333333,-1.085495,1.930625,6.08875,19.304166666666667,22.8,4.584791666666667,1.1954166666666668,13.753124999999999
204,54.64847416666667,-1.0854641666666667,2.9133333333333336,8.092291666666666,18.641666666666666,16.235416666666666,5.6968125,1.8497916666666667,13.679166666666667
205,54.64847604166667,-1.0853891666666666,4.305416666666667,10.510833333333332,20.866666666666667,11.15,6.6895,2.780625,13.557291666666666
206,54.6484229787234,-1.0853363829787235,3.78468085106383,9.204893617021277,18.895744680851063,13.540425531914893,6.0898085106382975,2.4680851063829787,13.373404255319148
207,54.64830729166667,-1.0852935416666667,4.0275,8.910625,17.858333333333334,13.383333333333333,5.844791666666667,2.55875,13.24375
208,54.64861276595745,-1.0853136170212767,3.039148936170213,10.624255319148936,25.538297872340426,11.668085106382978,7.144574468085107,2.061914893617021,13.643617021276595
209,54.648525416666665,-1.0856675,1.9672916666666664,8.032083333333334,25.479166666666668,16.827083333333334,5.532104166666667,1.3020833333333333,13.69375
210,54.648629375000006,-1.0856285416666667,1.120625,6.1312500000000005,30.172916666666666,20.5625,4.740645833333333,0.7091666666666666,13.59375
211,54.64863354166667,-1.0856539583333333,0.856875,5.355416666666667,42.64791666666667,21.522916666666664,4.304083333333334,0.551875,13.44375
212,54.6486075,-1.0857704166666666,1.0018749999999998,4.500416666666666,74.17916666666666,25.662499999999998,3.600145833333334,0.63875,13.540625
213,54.64861583333334,-1.08583125,1.33375,5.403333333333333,88.57083333333333,18.775000000000002,3.7708125,0.8210416666666668,13.667708333333332
214,54.64861916666666,-1.08555625,1.8914583333333335,6.762083333333333,74.95208333333333,16.585416666666667,4.807416666666667,1.15625,13.676041666666668
215,54.648559166666665,-1.08555,1.2437500000000001,7.185833333333334,66.2375,17.235416666666666,5.405083333333334,0.796875,13.740625
216,54.648355625,-1.0855943750000001,0.9047916666666667,7.044791666666666,52.78125,19.75,4.446270833333333,0.6699999999999999,13.823958333333332
217,54.648398750000005,-1.08528625,1.6495833333333334,5.855833333333333,45.145833333333336,27.695833333333336,4.295520833333334,1.031875,13.752083333333333
218,54.648485,-1.085478125,0.7018749999999999,4.8125,60.50625,29.175,3.7293333333333334,0.4302083333333333,13.831249999999999
219,54.648493333333334,-1.0852629166666665,1.51375,5.6625000000000005,54.425000000000004,20.3625,4.471541666666667,0.9395833333333333,13.854166666666666
220,54.64848270833334,-1.0854491666666666,1.2395833333333333,7.017916666666667,32.735416666666666,14.608333333333334,5.147875,0.7760416666666666,13.905208333333334
221,54.64856020833333,-1.0854420833333334,1.4418749999999998,8.05625,18.591666666666665,14.239583333333334,6.020916666666667,0.8960416666666666,14.148958333333333
222,54.64862604166667,-1.085235625,1.0218749999999999,7.875,19.204166666666666,15.897916666666667,6.004145833333333,0.6391666666666667,14.013541666666667
223,54.64871541666667,-1.0853752083333335,0.7460416666666667,8.540000000000001,20.604166666666668,16.560416666666665,5.170541666666667,0.45125,13.853125
224,54.648466041666666,-1.085531875,1.5274999999999999,8.235416666666667,16.158333333333335,13.258333333333333,5.1232291666666665,0.9081250000000001,13.733333333333334
225,54.64865104166666,-1.0852227083333335,0.9668749999999999,6.405833333333334,17.962500000000002,18.910416666666666,4.009916666666666,0.6433333333333333,13.720833333333333
226,54.64871212765957,-1.0851678723404254,0.4702127659574468,3.473404255319149,197.71063829787232,23.289361702127657,2.6694255319148934,0.30617021276595746,13.684042553191489
227,54.64861291666667,-1.0853345833333334,0.4379166666666667,6.564375000000001,195.64166666666665,26.787499999999998,2.92475,0.28375,13.591666666666667
228,54.64854583333334,-1.0855160416666667,0.34145833333333336,11.678541666666666,28.3875,19.243750000000002,4.439229166666666,0.23895833333333336,13.633333333333333
229,54.64851574468085,-1.0855055319148936,0.3774468085106383,9.214468085106382,32.1,19.119148936170212,4.141042553191489,0.24021276595744684,13.590425531914894
230,54.648502083333334,-1.085525625,0.44125,7.695625,35.21875,19.216666666666665,4.834854166666667,0.27729166666666666,13.626041666666666
231,54.64850354166666,-1.0855579166666667,0.42854166666666665,3.9460416666666664,96.33125,26.441666666666666,3.139,0.27520833333333333,13.622916666666667
232,54.648493124999995,-1.0855545833333333,0.415,4.315833333333333,92.79375,27.724999999999998,3.4336875,0.2652083333333333,13.622916666666667
233,54.64849957446808,-1.0854878723404255,0.43936170212765957,5.422553191489361,92.68936170212766,23.314893617021276,4.1236595744680855,0.28489361702127664,13.609574468085105
234,54.648490208333335,-1.0854852083333333,0.38833333333333336,10.222083333333332,29.858333333333334,19.616666666666667,4.231979166666666,0.24541666666666664,13.596874999999999
235,54.64845978723404,-1.0855493617021277,0.5585106382978723,11.271489361702127,24.825531914893617,13.54468085106383,5.653851063829787,0.3602127659574468,13.585106382978724
236,54.648530212765955,-1.085610425531915,0.5763829787234043,10.326170212765957,19.938297872340424,14.746808510638298,5.40436170212766,0.3829787234042553,13.567021276595744
237,54.648658936170214,-1.0858925531914894,1.2293617021276595,6.865744680851064,68.57021276595745,17.306382978723402,3.9641489361702127,0.7806382978723404,13.44468085106383
238,54.64870875,-1.085705625,1.5714583333333334,6.711666666666666,81.49374999999999,16.147916666666667,4.663770833333333,0.9570833333333333,13.50625
239,54.6484229787234,-1.0852655319148936,3.0921276595744684,10.186382978723405,51.3,9.89787234042553,6.766127659574468,2.0357446808510637,13.49468085106383
240,54.64855020833334,-1.0850952083333334,2.4697916666666666,9.635833333333332,48.44166666666666,10.74375,6.834083333333333,1.6597916666666668,13.519791666666668
241,54.64853717391305,-1.0854128260869564,1.1821739130434783,7.903695652173913,50.20434782608696,13.408695652173913,6.334869565217391,0.7421739130434782,13.457608695652173
242,54.648570625,-1.0857516666666667,0.7754166666666666,6.7527083333333335,53.1,17.054166666666667,4.820125,0.48125,13.36875
243,54.64859104166666,-1.085739375,1.4087500000000002,6.121458333333333,72.28125,18.506249999999998,4.373937499999999,0.8466666666666667,13.241666666666667
244,54.648457291666666,-1.085445,1.9622916666666665,6.979791666666667,102.83333333333333,20.53125,5.120166666666667,1.2279166666666665,13.054166666666667
245,54.64843625,-1.0855910416666668,1.6960416666666667,6.54625,77.18958333333333,20.693749999999998,4.1820625,1.0879166666666666,13.047916666666666
246,54.64843916666666,-1.0855702083333334,1.7633333333333334,6.943124999999999,73.125,16.302083333333332,4.5257499999999995,1.1139583333333334,12.927083333333334
247,54.64844125,-1.0855535416666666,2.095833333333333,7.213958333333333,68.14166666666667,16.170833333333334,4.666145833333333,1.3045833333333332,12.819791666666667
248,54.648401875,-1.08555125,2.4075,7.166458333333334,65.66041666666666,17.495833333333334,4.55825,1.51625,12.75
249,54.64838395833333,-1.0855083333333333,2.6129166666666666,7.022916666666666,60.9375,17.310416666666665,4.587729166666667,1.5875000000000001,12.670833333333334
250,54.6484125,-1.0855564583333333,2.0220833333333332,6.75125,54.22291666666666,17.933333333333334,4.519458333333334,1.2674999999999998,12.63125
251,54.648504583333334,-1.08555125,1.2241666666666666,5.821458333333333,55.14166666666667,20.933333333333334,4.338354166666666,0.7937500000000001,12.608333333333334
252,54.648579375,-1.085321875,0.47333333333333333,6.190625,62.025,23.129166666666666,3.9253750000000003,0.31020833333333336,12.5
253,54.64870833333333,-1.085134375,0.43604166666666666,2.1164583333333336,234.14791666666667,22.756249999999998,2.3257499999999998,0.2775,12.510416666666666
254,54.64856208333333,-1.0848577083333333,0.8091666666666667,3.248125,301.85625,20.470833333333335,2.782,0.5191666666666667,12.487499999999999
255,54.648799999999994,-1.085461914893617,0.6882978723404256,12.099787234042552,42.785106382978725,19.48085106382979,4.588617021276596,0.4436170212765958,12.297872340425531
256,54.6487225,-1.0854329166666667,0.5877083333333334,6.741041666666667,150.81875,26.097916666666666,2.8941041666666667,0.4089583333333333,12.1875
257,54.64867434782609,-1.085451304347826,0.3639130434782608,6.3713043478260865,106.78043478260871,25.917391304347827,3.2475652173913043,0.2545652173913044,11.958695652173914
258,54.64859354166666,-1.085571875,0.6391666666666667,8.040416666666667,68.03125,26.675,3.2646458333333332,0.4210416666666667,11.862499999999999
259,54.64852208333334,-1.0856004166666666,1.2241666666666666,6.359791666666666,86.3125,17.872916666666665,4.2246041666666665,0.7758333333333334,11.856250000000001
260,54.64851395833333,-1.08553875,1.7220833333333332,6.904583333333334,71.78750000000001,16.575,5.100708333333333,1.085,11.861458333333333
261,54.648551875,-1.08551125,1.948125,8.328541666666666,54.83958333333334,15.533333333333333,5.961520833333334,1.2310416666666668,11.836458333333333
262,54.648581666666665,-1.0854539583333334,1.110625,7.274166666666667,72.15833333333333,22.670833333333334,4.785,0.7220833333333333,11.852083333333333
263,54.64853770833333,-1.0853589583333334,0.8789583333333333,6.107708333333334,91.72291666666666,22.02916666666667,4.425833333333333,0.5625,11.923958333333333
264,54.648566875,-1.0854041666666667,0.7758333333333334,6.265208333333334,84.20833333333333,19.358333333333334,5.355770833333334,0.47729166666666667,11.935416666666667
265,54.64858458333333,-1.0853627083333333,0.3797916666666667,8.25125,61.46875,20.541666666666668,4.695625000000001,0.24916666666666668,11.882291666666667
266,54.64857270833334,-1.0855989583333334,0.40625,7.989166666666666,63.62916666666666,20.10625,3.9446875,0.2714583333333333,11.682291666666666
267,54.64857166666667,-1.08569125,0.4139583333333334,10.752708333333333,30.639583333333334,13.814583333333333,4.621958333333333,0.27479166666666666,11.6875
268,54.64861604166666,-1.0857370833333333,0.4666666666666666,8.732291666666667,55.893750000000004,19.066666666666666,4.2211875,0.30395833333333333,11.689583333333333
269,54.648724893617015,-1.0853559574468086,0.5563829787234043,5.6772340425531915,91.82553191489362,24.689361702127663,3.653297872340426,0.3651063829787234,11.845744680851064
270,54.6486175,-1.0854622916666667,0.46125,5.499375,122.89166666666667,27.96666666666667,3.3876666666666666,0.2989583333333333,11.81875
271,54.64876446808511,-1.0854578723404256,0.6606382978723404,4.63,149.45531914893616,28.129787234042553,3.294489361702128,0.42617021276595746,11.708510638297872
272,54.64870208333334,-1.0851258333333333,0.8416666666666667,3.7081250000000003,195.55208333333334,24.3,2.7099375,0.5358333333333333,11.61875
273,54.64869291666667,-1.0851639583333335,0.7331249999999999,5.19375,185.12291666666667,21.958333333333332,2.5934583333333334,0.5187499999999999,11.808333333333332
274,54.64867958333334,-1.0851458333333333,0.5554166666666667,7.622916666666666,94.54583333333333,27.40416666666667,2.749458333333333,0.3725,11.896875
275,54.64873479166667,-1.085328125,0.6835416666666667,8.763125,102.42083333333333,26.59583333333333,2.846458333333333,0.46541666666666665,11.717708333333334
276,54.64866510638298,-1.0851523404255319,0.6678723404255319,5.024893617021276,194.5063829787234,24.091489361702127,2.5760212765957444,0.4653191489361702,11.470212765957447
277,54.64862744680851,-1.085263829787234,0.5959574468085107,14.552340425531916,29.891489361702124,25.78085106382979,3.6998510638297875,0.4102127659574468,11.067021276595744
278,54.64867170212766,-1.0851382978723405,0.8187234042553191,11.606382978723405,37.42553191489362,25.329787234042552,3.4395531914893613,0.5495744680851063,11.238297872340427
279,54.64869229166666,-1.0851320833333333,0.6960416666666668,6.054375,148.97916666666666,26.035416666666666,2.7998125,0.4839583333333333,11.151041666666666
280,54.64864145833334,-1.0852875,0.5172916666666667,9.246875000000001,100.63125000000001,30.133333333333336,3.447041666666667,0.314375,10.975
281,54.648663125000006,-1.085065,1.0658333333333334,10.40375,85.13333333333334,20.1375,3.735583333333333,0.7016666666666667,10.979166666666666
282,54.64858744680851,-1.0850348936170213,1.4017021276595745,11.600851063829788,21.04042553191489,13.75531914893617,4.961404255319149,0.9110638297872341,10.793617021276596
283,54.64861404255319,-1.085084680851064,1.9227659574468086,10.16,18.948936170212768,12.046808510638298,5.29763829787234,1.2085106382978723,10.532978723404256
284,54.648270833333335,-1.084786875,8.958333333333334,11.597708333333332,30.045833333333334,17.76875,7.3743541666666665,4.385416666666667,10.314583333333333
285,54.648443125,-1.0853197916666668,2.6779166666666665,9.680416666666666,20.195833333333333,13.595833333333333,5.7603125,1.780625,9.50625
286,54.64868729166667,-1.085204375,1.3445833333333335,7.13375,58.30833333333334,24.054166666666664,4.6511458333333335,0.8922916666666666,9.539583333333333
287,54.64860395833333,-1.0852972916666668,0.5833333333333334,8.997083333333334,84.46458333333334,27.704166666666666,3.0717083333333335,0.3779166666666667,9.789583333333333
288,54.64854638297872,-1.0854012765957448,1.73,8.152340425531916,57.99148936170213,17.129787234042553,4.504468085106383,1.103404255319149,9.617021276595745
289,54.64859260869565,-1.0853578260869565,1.5158695652173915,10.60304347826087,21.128260869565217,15.267391304347825,5.93408695652174,0.998695652173913,9.45217391304348
290,54.64863282608695,-1.0852747826086957,0.9391304347826087,10.761521739130433,35.06086956521739,21.85,3.6406086956521735,0.6104347826086957,9.75
291,54.64869270833333,-1.0852554166666668,0.8702083333333334,5.953125,121.65833333333335,20.9375,3.0641041666666666,0.5868749999999999,9.63125
292,54.64860395833333,-1.085125,1.1510416666666667,7.954999999999999,145.11041666666668,22.349999999999998,3.1322083333333333,0.7229166666666668,9.438541666666667
293,54.64857166666667,-1.0852877083333332,0.8966666666666666,12.549583333333333,26.239583333333332,19.941666666666666,5.263708333333333,0.57125,8.952083333333333
294,54.648683404255316,-1.0853197872340425,1.1159574468085107,10.833829787234043,25.4531914893617,17.172340425531914,5.149893617021276,0.7229787234042553,8.79468085106383
295,54.64870369565217,-1.085254347826087,0.7002173913043478,8.77608695652174,91.46521739130434,23.282608695652176,3.238608695652174,0.4928260869565217,9.289130434782608
296,54.648677291666665,-1.085658125,0.7981250000000001,9.168125,66.03750000000001,18.61041666666667,3.9079374999999996,0.508125,9.063541666666667
297,54.64864729166666,-1.0850487500000001,1.3366666666666667,6.189583333333334,99.05624999999999,23.210416666666664,3.7995208333333337,0.8533333333333334,9.277083333333334
298,54.64888729166666,-1.0852966666666666,1.6539583333333334,3.4600000000000004,228.85625000000002,17.570833333333333,3.122916666666667,1.0395833333333333,9.498958333333333
299,54.64868395833333,-1.085326875,0.9085416666666667,9.194374999999999,117.34375,20.710416666666667,4.180104166666667,0.635625,9.383333333333333
300,54.64875212765958,-1.085521489361702,0.9187234042553192,12.834468085106383,29.795744680851065,19.28936170212766,4.742021276595745,0.6125531914893617,9.176595744680851
301,54.648766458333334,-1.085258125,0.958125,11.976875,24.102083333333336,19.5,3.578875,0.6620833333333334,9.659374999999999
302,54.64879375,-1.0854395833333335,0.836875,5.539166666666667,153.13125,20.947916666666668,2.7796041666666667,0.5477083333333334,9.602083333333333
303,54.64866416666666,-1.0851145833333333,0.6318750000000001,7.179791666666667,131.55833333333334,29.035416666666666,2.7063333333333333,0.4410416666666667,9.558333333333334
304,54.648653958333334,-1.085210625,0.6008333333333333,9.871875000000001,82.43958333333333,25.243750000000002,3.687208333333333,0.41250000000000003,9.147916666666667
305,54.648566249999995,-1.0855447916666667,1.1275,8.658125,52.67083333333333,22.59583333333333,4.662958333333333,0.7297916666666667,8.991666666666667
306,54.64852645833333,-1.0854354166666667,1.5616666666666665,9.895416666666666,20.900000000000002,15.99375,5.5299375,1.05125,8.497916666666667
307,54.64851468085106,-1.0854127659574468,0.8917021276595744,9.46936170212766,22.17659574468085,15.365957446808512,5.6266808510638295,0.594468085106383,8.551063829787234
308,54.64860375,-1.0856860416666667,1.1764583333333334,6.861249999999999,44.275,23.308333333333334,4.38425,0.7154166666666667,8.903125000000001
309,54.6486625,-1.085246875,1.3883333333333334,6.990833333333334,79.71875,22.460416666666664,4.852916666666666,0.8702083333333334,9.24375
310,54.648738333333334,-1.08529375,0.6902083333333334,6.774166666666666,92.11666666666667,26.90833333333333,3.080666666666667,0.45125,9.370833333333334
311,54.648732083333336,-1.08521875,0.504375,6.495416666666666,120.00833333333333,27.166666666666668,2.5214166666666666,0.3429166666666667,9.382291666666667
312,54.648826041666666,-1.0854316666666668,0.72125,5.274583333333333,143.08958333333334,25.29375,2.7266250000000003,0.4741666666666667,9.539583333333333
313,54.648816875,-1.0852958333333333,0.8560416666666666,11.831458333333332,32.75,26.170833333333334,3.061666666666667,0.6052083333333333,9.564583333333333
314,54.648764042553196,-1.0851880851063829,0.6959574468085107,9.270425531914894,104.8127659574468,24.78723404255319,2.9771702127659574,0.48106382978723405,9.328723404255319
315,54.648711063829786,-1.0852482978723403,0.6661702127659574,8.162553191489362,109.48723404255318,25.642553191489363,3.1756170212765955,0.4682978723404256,9.30531914893617
316,54.648736875,-1.0853502083333333,0.7239583333333334,11.442708333333334,114.78333333333335,29.47083333333333,2.6658958333333334,0.5114583333333333,9.201041666666667
317,54.64878875,-1.08541,1.0977083333333333,4.602708333333333,167.35,24.47083333333333,2.973479166666667,0.7166666666666667,9.160416666666666
318,54.64863181818182,-1.085475909090909,0.6404545454545455,8.336363636363636,102.7159090909091,23.195454545454545,3.347204545454545,0.4329545454545455,8.822727272727272
319,54.64858708333333,-1.0852845833333333,2.0906249999999997,14.097499999999998,25.243750000000002,14.43125,6.447854166666667,1.3441666666666665,8.764583333333333
320,54.648628124999995,-1.0852893750000001,2.10875,12.398541666666667,23.258333333333336,12.862499999999999,8.067770833333332,1.306875,8.59375
321,54.648677291666665,-1.08545625,1.9008333333333332,11.907708333333332,39.77708333333333,14.554166666666667,5.881645833333334,1.2791666666666666,8.783333333333333
322,54.64879916666666,-1.0854683333333333,1.921875,8.45875,75.11041666666667,16.554166666666667,5.066583333333333,1.2254166666666666,9.048958333333333
323,54.64888583333333,-1.0857783333333333,1.7639583333333333,7.664375,103.92708333333333,20.5625,4.119479166666667,1.1700000000000002,9.154166666666667
324,54.64875446808511,-1.085346170212766,0.9519148936170213,9.00063829787234,83.95531914893617,27.204255319148935,3.6841702127659577,0.6440425531914894,9.052127659574468
325,54.64873638297872,-1.08573,1.0227659574468084,7.373404255319149,69.74468085106383,23.214893617021275,4.1088297872340425,0.6208510638297873,8.663829787234043
326,54.648711666666664,-1.0861616666666667,3.2424999999999997,8.705416666666666,84.20625,12.077083333333334,5.474583333333334,2.086875,8.75
327,54.648783125,-1.0861110416666666,5.401458333333333,11.078958333333333,64.6125,11.870833333333332,7.6234375000000005,3.5360416666666663,8.701041666666667
328,54.648809375000006,-1.0861029166666667,4.812708333333333,10.575208333333332,62.23333333333333,12.316666666666668,7.463541666666667,3.189166666666667,8.755208333333334
329,54.64878916666667,-1.0861641666666666,4.881875,10.159791666666667,64.05624999999999,12.59375,6.931291666666667,3.218541666666667,8.793750000000001
330,54.64879021276596,-1.0861568085106381,4.7248936170212765,10.217659574468085,71.34255319148936,13.291489361702128,6.82572340425532,3.120212765957447,8.918085106382978
331,54.64862510638298,-1.0854310638297873,3.431063829787234,9.191063829787234,67.9191489361702,13.23404255319149,6.313723404255319,2.2253191489361703,8.828723404255319
332,54.64865125,-1.0852493749999998,2.1702083333333335,9.977708333333334,58.0,12.970833333333333,7.457041666666666,1.4491666666666667,8.363541666666666
333,54.648655416666664,-1.0855252083333333,1.2845833333333332,8.49,48.793749999999996,15.533333333333333,5.963479166666667,0.831875,8.159374999999999
334,54.64877666666666,-1.0853189583333334,1.4097916666666668,9.655,49.92291666666667,20.458333333333332,4.558020833333333,0.9277083333333334,8.622916666666667
335,54.648619375,-1.085385625,0.8035416666666667,9.61375,31.822916666666668,19.060416666666665,6.113395833333333,0.5120833333333333,8.0
336,54.64847541666666,-1.0853264583333333,1.6347916666666666,9.242708333333333,32.75208333333333,16.302083333333332,5.221666666666667,1.0252083333333333,8.015625
337,54.64860166666667,-1.0852308333333334,1.80375,8.190833333333334,47.68333333333334,18.254166666666666,5.710416666666667,1.1595833333333332,7.870833333333334
338,54.648395416666666,-1.0850020833333334,3.154583333333333,7.90375,68.70416666666667,18.889583333333334,5.294604166666667,1.9620833333333334,7.954166666666667
339,54.648438125000006,-1.0851852083333333,2.6304166666666666,7.369791666666667,36.02916666666666,22.660416666666666,5.0139375,1.5902083333333332,7.616666666666667
340,54.64847446808511,-1.0850644680851065,3.7893617021276595,10.346808510638299,23.006382978723405,11.78936170212766,6.765085106382979,2.43468085106383,7.324468085106383
341,54.64866833333334,-1.0852820833333332,1.8510416666666665,8.625833333333334,36.82083333333333,18.045833333333334,5.941291666666667,1.2393750000000001,6.9593750000000005
342,54.64872108695653,-1.0854897826086956,0.792608695652174,6.748695652173913,82.23260869565217,25.70434782608696,4.653586956521739,0.5158695652173914,7.1673913043478255
343,54.6485425,-1.0855470833333334,1.1277083333333333,10.138125,25.141666666666666,13.460416666666667,5.4045625,0.736875,7.001041666666667
344,54.648547916666665,-1.0852695833333332,1.4627083333333333,9.52125,21.8875,12.904166666666667,5.8494375000000005,0.9527083333333333,6.85625
345,54.64869875,-1.0853991666666667,1.0158333333333334,10.495,22.616666666666664,13.589583333333332,5.568583333333333,0.6845833333333333,6.7250000000000005
346,54.64878541666667,-1.085364375,1.15625,7.691875,91.20625,20.510416666666668,4.108375,0.7481249999999999,7.371875
347,54.64868979166667,-1.0852991666666667,0.5320833333333334,8.545625,80.89791666666666,27.554166666666664,3.65475,0.35604166666666665,7.40625
348,54.64869255319149,-1.085196170212766,0.5738297872340425,4.682127659574468,164.93191489361703,24.274468085106385,2.891787234042553,0.3878723404255319,7.580851063829788
349,54.64873333333333,-1.0852785416666666,0.6697916666666667,3.9302083333333333,179.88958333333335,24.28333333333333,2.753833333333333,0.455,7.7406250000000005
350,54.648765,-1.0852983333333335,0.9470833333333334,3.5510416666666664,190.63125,23.285416666666666,2.7869375,0.5983333333333333,7.791666666666667
351,54.648653333333336,-1.0851691666666667,0.8810416666666666,6.985833333333333,122.96249999999999,28.958333333333332,3.197625,0.57625,7.892708333333334
352,54.648733125,-1.0851333333333333,0.723125,12.219583333333333,67.74166666666666,32.675000000000004,2.9845,0.4991666666666667,7.721875
353,54.648706041666664,-1.0849645833333332,1.1020833333333333,5.416666666666667,199.7229166666667,22.552083333333332,2.8165,0.7002083333333333,7.8656250000000005
354,54.648647234042556,-1.084911489361702,0.9342553191489361,10.382553191489363,112.08510638297872,29.195744680851064,2.891914893617021,0.656595744680851,7.6670212765957455
355,54.64868729166667,-1.0851629166666668,0.8525,13.564583333333333,39.108333333333334,21.77916666666667,5.1290625,0.5664583333333334,7.347916666666666
356,54.64868875,-1.0848652083333332,1.366875,10.365416666666667,81.0,23.235416666666666,3.6964375,0.9166666666666666,7.576041666666666
357,54.648566458333335,-1.0846991666666665,1.2960416666666668,13.003541666666665,120.47500000000001,26.724999999999998,3.249083333333333,0.88625,7.402083333333334
358,54.64850395833333,-1.0848170833333333,1.88875,11.228124999999999,33.27916666666667,15.5375,5.275625,1.1995833333333332,7.105208333333334
359,54.64864130434783,-1.0848873913043477,2.2195652173913043,11.605869565217391,22.43913043478261,12.643478260869566,7.179565217391304,1.4456521739130435,7.170652173913043
360,54.648807647058824,-1.0851270588235293,1.2241176470588235,11.976470588235294,22.41764705882353,17.323529411764707,4.206176470588235,0.8164705882352942,7.194117647058824
361,54.648820645161294,-1.0855990322580646,1.0161290322580645,10.683225806451613,46.54838709677419,16.183870967741935,4.390935483870968,0.6541935483870968,7.199999999999999
362,54.64884971428572,-1.0855139999999999,0.8894285714285713,4.090857142857143,179.84,23.45142857142857,2.817742857142857,0.61,7.198571428571428
363,54.64872305555556,-1.0853275,0.6455555555555555,10.18861111111111,66.725,29.041666666666668,3.1766111111111113,0.44166666666666665,7.111111111111111
364,54.648714864864864,-1.0852689189189189,0.8105405405405405,12.43,24.11081081081081,23.65945945945946,3.5745135135135135,0.5435135135135135,7.063513513513514
365,54.6485375,-1.0853558333333333,2.5733333333333333,8.943333333333333,15.102083333333333,14.397916666666667,5.57,1.6310416666666665,6.989583333333333
